symbol,product_id,date_utc,close_usd,error
BTC,BTC-USD,2024-02-13,49725.36,
BTC,BTC-USD,2024-02-14,51858.59,
BTC,BTC-USD,2024-02-15,51934.29,
BTC,BTC-USD,2024-02-16,52162.64,
BTC,BTC-USD,2024-02-17,51666.22,
BTC,BTC-USD,2024-02-18,52153.63,
BTC,BTC-USD,2024-02-19,51787.05,
BTC,BTC-USD,2024-02-20,52277.52,
BTC,BTC-USD,2024-02-21,51851.67,
BTC,BTC-USD,2024-02-22,51258.7,
BTC,BTC-USD,2024-02-23,50747.05,
BTC,BTC-USD,2024-02-24,51570.65,
BTC,BTC-USD,2024-02-25,51731.0,
BTC,BTC-USD,2024-02-26,54533.48,
BTC,BTC-USD,2024-02-27,57077.07,
BTC,BTC-USD,2024-02-28,62518.9,
BTC,BTC-USD,2024-02-29,61179.03,
BTC,BTC-USD,2024-03-01,62436.72,
BTC,BTC-USD,2024-03-02,62045.78,
BTC,BTC-USD,2024-03-03,63154.49,
BTC,BTC-USD,2024-03-04,68360.14,
BTC,BTC-USD,2024-03-05,63800.78,
BTC,BTC-USD,2024-03-06,66122.28,
BTC,BTC-USD,2024-03-07,66938.21,
BTC,BTC-USD,2024-03-08,68289.16,
BTC,BTC-USD,2024-03-09,68480.0,
BTC,BTC-USD,2024-03-10,69032.12,
BTC,BTC-USD,2024-03-11,72110.98,
BTC,BTC-USD,2024-03-12,71475.93,
BTC,BTC-USD,2024-03-13,73135.04,
BTC,BTC-USD,2024-03-14,71364.58,
BTC,BTC-USD,2024-03-15,69506.88,
BTC,BTC-USD,2024-03-16,65254.22,
BTC,BTC-USD,2024-03-17,68343.64,
BTC,BTC-USD,2024-03-18,67613.04,
BTC,BTC-USD,2024-03-19,61906.27,
BTC,BTC-USD,2024-03-20,67858.8,
BTC,BTC-USD,2024-03-21,65484.7,
BTC,BTC-USD,2024-03-22,63814.56,
BTC,BTC-USD,2024-03-23,63998.86,
BTC,BTC-USD,2024-03-24,67204.93,
BTC,BTC-USD,2024-03-25,69890.28,
BTC,BTC-USD,2024-03-26,69992.4,
BTC,BTC-USD,2024-03-27,69435.96,
BTC,BTC-USD,2024-03-28,70801.18,
BTC,BTC-USD,2024-03-29,69903.75,
BTC,BTC-USD,2024-03-30,69626.87,
BTC,BTC-USD,2024-03-31,71288.9,
BTC,BTC-USD,2024-04-01,69681.82,
BTC,BTC-USD,2024-04-02,65464.14,
BTC,BTC-USD,2024-04-03,65987.92,
BTC,BTC-USD,2024-04-04,68525.23,
BTC,BTC-USD,2024-04-05,67856.51,
BTC,BTC-USD,2024-04-06,68919.89,
BTC,BTC-USD,2024-04-07,69350.34,
BTC,BTC-USD,2024-04-08,71622.53,
BTC,BTC-USD,2024-04-09,69117.01,
BTC,BTC-USD,2024-04-10,70634.04,
BTC,BTC-USD,2024-04-11,70020.73,
BTC,BTC-USD,2024-04-12,67148.61,
BTC,BTC-USD,2024-04-13,64024.77,
BTC,BTC-USD,2024-04-14,65777.05,
BTC,BTC-USD,2024-04-15,63452.18,
BTC,BTC-USD,2024-04-16,63814.94,
BTC,BTC-USD,2024-04-17,61279.36,
BTC,BTC-USD,2024-04-18,63513.85,
BTC,BTC-USD,2024-04-19,63848.37,
BTC,BTC-USD,2024-04-20,64968.87,
BTC,BTC-USD,2024-04-21,64952.92,
BTC,BTC-USD,2024-04-22,66859.17,
BTC,BTC-USD,2024-04-23,66414.16,
BTC,BTC-USD,2024-04-24,64255.78,
BTC,BTC-USD,2024-04-25,64484.44,
BTC,BTC-USD,2024-04-26,63742.39,
BTC,BTC-USD,2024-04-27,63422.0,
BTC,BTC-USD,2024-04-28,63108.94,
BTC,BTC-USD,2024-04-29,63844.85,
BTC,BTC-USD,2024-04-30,60622.1,
BTC,BTC-USD,2024-05-01,58265.59,
BTC,BTC-USD,2024-05-02,59071.89,
BTC,BTC-USD,2024-05-03,62913.03,
BTC,BTC-USD,2024-05-04,63902.88,
BTC,BTC-USD,2024-05-05,64023.45,
BTC,BTC-USD,2024-05-06,63162.24,
BTC,BTC-USD,2024-05-07,62315.76,
BTC,BTC-USD,2024-05-08,61169.53,
BTC,BTC-USD,2024-05-09,63073.57,
BTC,BTC-USD,2024-05-10,60787.47,
BTC,BTC-USD,2024-05-11,60814.63,
BTC,BTC-USD,2024-05-12,61453.02,
BTC,BTC-USD,2024-05-13,62932.37,
BTC,BTC-USD,2024-05-14,61539.84,
BTC,BTC-USD,2024-05-15,66244.69,
BTC,BTC-USD,2024-05-16,65252.18,
BTC,BTC-USD,2024-05-17,67046.33,
BTC,BTC-USD,2024-05-18,66923.87,
BTC,BTC-USD,2024-05-19,66261.62,
BTC,BTC-USD,2024-05-20,71432.17,
BTC,BTC-USD,2024-05-21,70142.84,
BTC,BTC-USD,2024-05-22,69109.93,
BTC,BTC-USD,2024-05-23,67940.45,
BTC,BTC-USD,2024-05-24,68547.8,
BTC,BTC-USD,2024-05-25,69289.67,
BTC,BTC-USD,2024-05-26,68473.72,
BTC,BTC-USD,2024-05-27,69368.72,
BTC,BTC-USD,2024-05-28,68321.98,
BTC,BTC-USD,2024-05-29,67569.45,
BTC,BTC-USD,2024-05-30,68338.58,
BTC,BTC-USD,2024-05-31,67472.41,
BTC,BTC-USD,2024-06-01,67719.29,
BTC,BTC-USD,2024-06-02,67735.52,
BTC,BTC-USD,2024-06-03,68791.0,
BTC,BTC-USD,2024-06-04,70542.32,
BTC,BTC-USD,2024-06-05,71121.11,
BTC,BTC-USD,2024-06-06,70773.64,
BTC,BTC-USD,2024-06-07,69324.53,
BTC,BTC-USD,2024-06-08,69304.05,
BTC,BTC-USD,2024-06-09,69637.87,
BTC,BTC-USD,2024-06-10,69497.73,
BTC,BTC-USD,2024-06-11,67316.53,
BTC,BTC-USD,2024-06-12,68248.6,
BTC,BTC-USD,2024-06-13,66738.85,
BTC,BTC-USD,2024-06-14,66004.39,
BTC,BTC-USD,2024-06-15,66192.0,
BTC,BTC-USD,2024-06-16,66628.75,
BTC,BTC-USD,2024-06-17,66481.81,
BTC,BTC-USD,2024-06-18,65152.8,
BTC,BTC-USD,2024-06-19,64943.79,
BTC,BTC-USD,2024-06-20,64840.88,
BTC,BTC-USD,2024-06-21,64120.28,
BTC,BTC-USD,2024-06-22,64235.01,
BTC,BTC-USD,2024-06-23,63171.43,
BTC,BTC-USD,2024-06-24,60263.0,
BTC,BTC-USD,2024-06-25,61789.71,
BTC,BTC-USD,2024-06-26,60816.68,
BTC,BTC-USD,2024-06-27,61615.39,
BTC,BTC-USD,2024-06-28,60313.35,
BTC,BTC-USD,2024-06-29,60885.67,
BTC,BTC-USD,2024-06-30,62668.26,
BTC,BTC-USD,2024-07-01,62830.13,
BTC,BTC-USD,2024-07-02,62040.22,
BTC,BTC-USD,2024-07-03,60145.01,
BTC,BTC-USD,2024-07-04,57042.14,
BTC,BTC-USD,2024-07-05,56639.43,
BTC,BTC-USD,2024-07-06,58244.75,
BTC,BTC-USD,2024-07-07,55854.09,
BTC,BTC-USD,2024-07-08,56699.43,
BTC,BTC-USD,2024-07-09,58047.86,
BTC,BTC-USD,2024-07-10,57712.59,
BTC,BTC-USD,2024-07-11,57340.77,
BTC,BTC-USD,2024-07-12,57909.03,
BTC,BTC-USD,2024-07-13,59224.58,
BTC,BTC-USD,2024-07-14,60808.42,
BTC,BTC-USD,2024-07-15,64757.16,
BTC,BTC-USD,2024-07-16,65088.99,
BTC,BTC-USD,2024-07-17,64085.81,
BTC,BTC-USD,2024-07-18,63982.86,
BTC,BTC-USD,2024-07-19,66707.61,
BTC,BTC-USD,2024-07-20,67163.83,
BTC,BTC-USD,2024-07-21,68181.28,
BTC,BTC-USD,2024-07-22,67558.22,
BTC,BTC-USD,2024-07-23,65939.24,
BTC,BTC-USD,2024-07-24,65366.4,
BTC,BTC-USD,2024-07-25,65795.42,
BTC,BTC-USD,2024-07-26,67924.08,
BTC,BTC-USD,2024-07-27,67899.41,
BTC,BTC-USD,2024-07-28,68244.3,
BTC,BTC-USD,2024-07-29,66771.45,
BTC,BTC-USD,2024-07-30,66169.68,
BTC,BTC-USD,2024-07-31,64609.62,
BTC,BTC-USD,2024-08-01,65288.18,
BTC,BTC-USD,2024-08-02,61418.06,
BTC,BTC-USD,2024-08-03,60674.93,
BTC,BTC-USD,2024-08-04,58130.95,
BTC,BTC-USD,2024-08-05,54029.12,
BTC,BTC-USD,2024-08-06,56048.08,
BTC,BTC-USD,2024-08-07,55148.1,
BTC,BTC-USD,2024-08-08,61705.58,
BTC,BTC-USD,2024-08-09,60862.13,
BTC,BTC-USD,2024-08-10,60935.02,
BTC,BTC-USD,2024-08-11,58722.49,
BTC,BTC-USD,2024-08-12,59358.78,
BTC,BTC-USD,2024-08-13,60603.19,
BTC,BTC-USD,2024-08-14,58690.62,
BTC,BTC-USD,2024-08-15,57543.61,
BTC,BTC-USD,2024-08-16,58888.99,
BTC,BTC-USD,2024-08-17,59497.49,
BTC,BTC-USD,2024-08-18,58437.9,
BTC,BTC-USD,2024-08-19,59452.67,
BTC,BTC-USD,2024-08-20,59017.59,
BTC,BTC-USD,2024-08-21,61163.28,
BTC,BTC-USD,2024-08-22,60383.29,
BTC,BTC-USD,2024-08-23,64086.72,
BTC,BTC-USD,2024-08-24,64179.63,
BTC,BTC-USD,2024-08-25,64251.93,
BTC,BTC-USD,2024-08-26,62840.0,
BTC,BTC-USD,2024-08-27,59439.64,
BTC,BTC-USD,2024-08-28,59045.88,
BTC,BTC-USD,2024-08-29,59364.47,
BTC,BTC-USD,2024-08-30,59112.77,
BTC,BTC-USD,2024-08-31,58968.37,
BTC,BTC-USD,2024-09-01,57299.0,
BTC,BTC-USD,2024-09-02,59139.83,
BTC,BTC-USD,2024-09-03,57468.84,
BTC,BTC-USD,2024-09-04,57971.0,
BTC,BTC-USD,2024-09-05,56156.82,
BTC,BTC-USD,2024-09-06,53950.01,
BTC,BTC-USD,2024-09-07,54156.33,
BTC,BTC-USD,2024-09-08,54881.11,
BTC,BTC-USD,2024-09-09,57053.9,
BTC,BTC-USD,2024-09-10,57645.59,
BTC,BTC-USD,2024-09-11,57352.79,
BTC,BTC-USD,2024-09-12,58137.54,
BTC,BTC-USD,2024-09-13,60543.35,
BTC,BTC-USD,2024-09-14,60012.35,
BTC,BTC-USD,2024-09-15,59122.33,
BTC,BTC-USD,2024-09-16,58208.75,
BTC,BTC-USD,2024-09-17,60312.6,
BTC,BTC-USD,2024-09-18,61769.18,
BTC,BTC-USD,2024-09-19,62960.14,
BTC,BTC-USD,2024-09-20,63210.69,
BTC,BTC-USD,2024-09-21,63362.74,
BTC,BTC-USD,2024-09-22,63577.66,
BTC,BTC-USD,2024-09-23,63338.87,
BTC,BTC-USD,2024-09-24,64272.93,
BTC,BTC-USD,2024-09-25,63130.89,
BTC,BTC-USD,2024-09-26,65177.21,
BTC,BTC-USD,2024-09-27,65789.0,
BTC,BTC-USD,2024-09-28,65858.99,
BTC,BTC-USD,2024-09-29,65600.01,
BTC,BTC-USD,2024-09-30,63301.25,
BTC,BTC-USD,2024-10-01,60790.0,
BTC,BTC-USD,2024-10-02,60631.37,
BTC,BTC-USD,2024-10-03,60744.99,
BTC,BTC-USD,2024-10-04,62090.71,
BTC,BTC-USD,2024-10-05,62051.29,
BTC,BTC-USD,2024-10-06,62810.86,
BTC,BTC-USD,2024-10-07,62200.28,
BTC,BTC-USD,2024-10-08,62122.02,
BTC,BTC-USD,2024-10-09,60578.28,
BTC,BTC-USD,2024-10-10,60279.53,
BTC,BTC-USD,2024-10-11,62518.75,
BTC,BTC-USD,2024-10-12,63187.47,
BTC,BTC-USD,2024-10-13,62845.3,
BTC,BTC-USD,2024-10-14,66065.65,
BTC,BTC-USD,2024-10-15,67056.6,
BTC,BTC-USD,2024-10-16,67608.44,
BTC,BTC-USD,2024-10-17,67402.33,
BTC,BTC-USD,2024-10-18,68426.11,
BTC,BTC-USD,2024-10-19,68363.73,
BTC,BTC-USD,2024-10-20,69014.86,
BTC,BTC-USD,2024-10-21,67346.15,
BTC,BTC-USD,2024-10-22,67380.08,
BTC,BTC-USD,2024-10-23,66601.11,
BTC,BTC-USD,2024-10-24,68156.84,
BTC,BTC-USD,2024-10-25,66564.51,
BTC,BTC-USD,2024-10-26,67012.56,
BTC,BTC-USD,2024-10-27,67943.19,
BTC,BTC-USD,2024-10-28,69924.5,
BTC,BTC-USD,2024-10-29,72724.35,
BTC,BTC-USD,2024-10-30,72322.91,
BTC,BTC-USD,2024-10-31,70197.83,
BTC,BTC-USD,2024-11-01,69467.29,
BTC,BTC-USD,2024-11-02,69358.94,
BTC,BTC-USD,2024-11-03,68738.18,
BTC,BTC-USD,2024-11-04,67807.48,
BTC,BTC-USD,2024-11-05,69380.73,
BTC,BTC-USD,2024-11-06,75646.55,
BTC,BTC-USD,2024-11-07,75920.0,
BTC,BTC-USD,2024-11-08,76566.73,
BTC,BTC-USD,2024-11-09,76716.06,
BTC,BTC-USD,2024-11-10,80428.92,
BTC,BTC-USD,2024-11-11,88770.73,
BTC,BTC-USD,2024-11-12,88035.43,
BTC,BTC-USD,2024-11-13,90493.82,
BTC,BTC-USD,2024-11-14,87340.4,
BTC,BTC-USD,2024-11-15,91058.36,
BTC,BTC-USD,2024-11-16,90636.24,
BTC,BTC-USD,2024-11-17,89886.69,
BTC,BTC-USD,2024-11-18,90520.3,
BTC,BTC-USD,2024-11-19,92435.89,
BTC,BTC-USD,2024-11-20,94393.15,
BTC,BTC-USD,2024-11-21,98439.09,
BTC,BTC-USD,2024-11-22,99024.03,
BTC,BTC-USD,2024-11-23,97778.77,
BTC,BTC-USD,2024-11-24,98028.18,
BTC,BTC-USD,2024-11-25,93000.01,
BTC,BTC-USD,2024-11-26,91929.54,
BTC,BTC-USD,2024-11-27,95951.19,
BTC,BTC-USD,2024-11-28,95665.53,
BTC,BTC-USD,2024-11-29,97490.56,
BTC,BTC-USD,2024-11-30,96465.42,
BTC,BTC-USD,2024-12-01,97263.18,
BTC,BTC-USD,2024-12-02,95862.89,
BTC,BTC-USD,2024-12-03,95924.52,
BTC,BTC-USD,2024-12-04,98746.24,
BTC,BTC-USD,2024-12-05,97044.23,
BTC,BTC-USD,2024-12-06,99891.35,
BTC,BTC-USD,2024-12-07,99929.32,
BTC,BTC-USD,2024-12-08,101174.99,
BTC,BTC-USD,2024-12-09,97324.81,
BTC,BTC-USD,2024-12-10,96660.76,
BTC,BTC-USD,2024-12-11,101202.11,
BTC,BTC-USD,2024-12-12,100030.47,
BTC,BTC-USD,2024-12-13,101428.75,
BTC,BTC-USD,2024-12-14,101399.99,
BTC,BTC-USD,2024-12-15,104447.76,
BTC,BTC-USD,2024-12-16,106099.81,
BTC,BTC-USD,2024-12-17,106136.99,
BTC,BTC-USD,2024-12-18,100150.73,
BTC,BTC-USD,2024-12-19,97372.21,
BTC,BTC-USD,2024-12-20,97765.0,
BTC,BTC-USD,2024-12-21,97230.08,
BTC,BTC-USD,2024-12-22,95087.75,
BTC,BTC-USD,2024-12-23,94764.56,
BTC,BTC-USD,2024-12-24,98594.47,
BTC,BTC-USD,2024-12-25,99346.28,
BTC,BTC-USD,2024-12-26,95669.49,
BTC,BTC-USD,2024-12-27,94171.89,
BTC,BTC-USD,2024-12-28,95130.82,
BTC,BTC-USD,2024-12-29,93563.35,
BTC,BTC-USD,2024-12-30,92620.71,
BTC,BTC-USD,2024-12-31,93354.22,
BTC,BTC-USD,2025-01-01,94383.59,
BTC,BTC-USD,2025-01-02,96903.19,
BTC,BTC-USD,2025-01-03,98136.51,
BTC,BTC-USD,2025-01-04,98209.85,
BTC,BTC-USD,2025-01-05,98345.33,
BTC,BTC-USD,2025-01-06,102279.41,
BTC,BTC-USD,2025-01-07,96941.98,
BTC,BTC-USD,2025-01-08,95036.63,
BTC,BTC-USD,2025-01-09,92547.44,
BTC,BTC-USD,2025-01-10,94701.18,
BTC,BTC-USD,2025-01-11,94565.02,
BTC,BTC-USD,2025-01-12,94509.62,
BTC,BTC-USD,2025-01-13,94506.45,
BTC,BTC-USD,2025-01-14,96534.96,
BTC,BTC-USD,2025-01-15,100510.23,
BTC,BTC-USD,2025-01-16,99981.78,
BTC,BTC-USD,2025-01-17,104107.0,
BTC,BTC-USD,2025-01-18,104435.0,
BTC,BTC-USD,2025-01-19,101211.13,
BTC,BTC-USD,2025-01-20,102145.43,
BTC,BTC-USD,2025-01-21,106159.26,
BTC,BTC-USD,2025-01-22,103667.11,
BTC,BTC-USD,2025-01-23,103926.36,
BTC,BTC-USD,2025-01-24,104850.27,
BTC,BTC-USD,2025-01-25,104733.56,
BTC,BTC-USD,2025-01-26,102563.0,
BTC,BTC-USD,2025-01-27,102062.42,
BTC,BTC-USD,2025-01-28,101290.0,
BTC,BTC-USD,2025-01-29,103747.25,
BTC,BTC-USD,2025-01-30,104742.64,
BTC,BTC-USD,2025-01-31,102411.26,
BTC,BTC-USD,2025-02-01,100623.85,
BTC,BTC-USD,2025-02-02,97676.52,
BTC,BTC-USD,2025-02-03,101460.2,
BTC,BTC-USD,2025-02-04,97795.05,
BTC,BTC-USD,2025-02-05,96638.33,
BTC,BTC-USD,2025-02-06,96564.62,
BTC,BTC-USD,2025-02-07,96537.08,
BTC,BTC-USD,2025-02-08,96476.25,
BTC,BTC-USD,2025-02-09,96475.82,
BTC,BTC-USD,2025-02-10,97444.41,
BTC,BTC-USD,2025-02-11,95774.08,
BTC,BTC-USD,2025-02-12,97862.53,
BTC,BTC-USD,2025-02-13,96625.29,
BTC,BTC-USD,2025-02-14,97509.03,
BTC,BTC-USD,2025-02-15,97596.94,
BTC,BTC-USD,2025-02-16,96119.88,
BTC,BTC-USD,2025-02-17,95781.8,
BTC,BTC-USD,2025-02-18,95607.4,
BTC,BTC-USD,2025-02-19,96632.03,
BTC,BTC-USD,2025-02-20,98347.2,
BTC,BTC-USD,2025-02-21,96157.03,
BTC,BTC-USD,2025-02-22,96582.12,
BTC,BTC-USD,2025-02-23,96265.98,
BTC,BTC-USD,2025-02-24,91510.82,
BTC,BTC-USD,2025-02-25,88583.74,
BTC,BTC-USD,2025-02-26,84111.78,
BTC,BTC-USD,2025-02-27,84625.19,
BTC,BTC-USD,2025-02-28,84297.73,
BTC,BTC-USD,2025-03-01,86018.76,
BTC,BTC-USD,2025-03-02,94265.48,
BTC,BTC-USD,2025-03-03,86161.1,
BTC,BTC-USD,2025-03-04,87249.96,
BTC,BTC-USD,2025-03-05,90603.73,
BTC,BTC-USD,2025-03-06,89921.85,
BTC,BTC-USD,2025-03-07,86756.98,
BTC,BTC-USD,2025-03-08,86206.69,
BTC,BTC-USD,2025-03-09,80699.17,
BTC,BTC-USD,2025-03-10,78544.71,
BTC,BTC-USD,2025-03-11,82914.51,
BTC,BTC-USD,2025-03-12,83659.43,
BTC,BTC-USD,2025-03-13,81073.43,
BTC,BTC-USD,2025-03-14,83980.49,
BTC,BTC-USD,2025-03-15,84351.46,
BTC,BTC-USD,2025-03-16,82562.57,
BTC,BTC-USD,2025-03-17,84011.4,
BTC,BTC-USD,2025-03-18,82698.76,
BTC,BTC-USD,2025-03-19,86877.96,
BTC,BTC-USD,2025-03-20,84183.42,
BTC,BTC-USD,2025-03-21,84061.96,
BTC,BTC-USD,2025-03-22,83852.03,
BTC,BTC-USD,2025-03-23,86092.94,
BTC,BTC-USD,2025-03-24,87523.62,
BTC,BTC-USD,2025-03-25,87427.88,
BTC,BTC-USD,2025-03-26,86926.01,
BTC,BTC-USD,2025-03-27,87217.48,
BTC,BTC-USD,2025-03-28,84381.8,
BTC,BTC-USD,2025-03-29,82616.83,
BTC,BTC-USD,2025-03-30,82379.98,
BTC,BTC-USD,2025-03-31,82534.32,
BTC,BTC-USD,2025-04-01,85170.37,
BTC,BTC-USD,2025-04-02,82490.08,
BTC,BTC-USD,2025-04-03,83174.33,
BTC,BTC-USD,2025-04-04,83860.16,
BTC,BTC-USD,2025-04-05,83498.25,
BTC,BTC-USD,2025-04-06,78370.75,
BTC,BTC-USD,2025-04-07,79140.01,
BTC,BTC-USD,2025-04-08,76251.64,
BTC,BTC-USD,2025-04-09,82594.75,
BTC,BTC-USD,2025-04-10,79552.34,
BTC,BTC-USD,2025-04-11,83380.47,
BTC,BTC-USD,2025-04-12,85271.01,
BTC,BTC-USD,2025-04-13,83733.07,
BTC,BTC-USD,2025-04-14,84590.36,
BTC,BTC-USD,2025-04-15,83629.78,
BTC,BTC-USD,2025-04-16,84028.72,
BTC,BTC-USD,2025-04-17,84961.97,
BTC,BTC-USD,2025-04-18,84466.47,
BTC,BTC-USD,2025-04-19,85074.99,
BTC,BTC-USD,2025-04-20,85177.34,
BTC,BTC-USD,2025-04-21,87522.07,
BTC,BTC-USD,2025-04-22,93489.1,
BTC,BTC-USD,2025-04-23,93740.92,
BTC,BTC-USD,2025-04-24,94021.96,
BTC,BTC-USD,2025-04-25,94708.79,
BTC,BTC-USD,2025-04-26,94666.64,
BTC,BTC-USD,2025-04-27,93780.57,
BTC,BTC-USD,2025-04-28,95042.57,
BTC,BTC-USD,2025-04-29,94271.09,
BTC,BTC-USD,2025-04-30,94182.54,
BTC,BTC-USD,2025-05-01,96524.98,
BTC,BTC-USD,2025-05-02,96929.81,
BTC,BTC-USD,2025-05-03,95861.33,
BTC,BTC-USD,2025-05-04,94272.55,
BTC,BTC-USD,2025-05-05,94733.99,
BTC,BTC-USD,2025-05-06,96839.17,
BTC,BTC-USD,2025-05-07,97058.32,
BTC,BTC-USD,2025-05-08,103253.49,
BTC,BTC-USD,2025-05-09,102986.96,
BTC,BTC-USD,2025-05-10,104821.19,
BTC,BTC-USD,2025-05-11,104137.62,
BTC,BTC-USD,2025-05-12,102800.21,
BTC,BTC-USD,2025-05-13,104131.06,
BTC,BTC-USD,2025-05-14,103545.38,
BTC,BTC-USD,2025-05-15,103786.43,
BTC,BTC-USD,2025-05-16,103500.03,
BTC,BTC-USD,2025-05-17,103161.07,
BTC,BTC-USD,2025-05-18,106473.46,
BTC,BTC-USD,2025-05-19,105616.18,
BTC,BTC-USD,2025-05-20,106883.24,
BTC,BTC-USD,2025-05-21,109699.54,
BTC,BTC-USD,2025-05-22,111722.53,
BTC,BTC-USD,2025-05-23,107329.61,
BTC,BTC-USD,2025-05-24,107794.01,
BTC,BTC-USD,2025-05-25,109048.68,
BTC,BTC-USD,2025-05-26,109464.32,
BTC,BTC-USD,2025-05-27,108978.46,
BTC,BTC-USD,2025-05-28,107819.29,
BTC,BTC-USD,2025-05-29,105572.58,
BTC,BTC-USD,2025-05-30,104033.26,
BTC,BTC-USD,2025-05-31,104645.87,
BTC,BTC-USD,2025-06-01,105697.94,
BTC,BTC-USD,2025-06-02,105904.94,
BTC,BTC-USD,2025-06-03,105447.82,
BTC,BTC-USD,2025-06-04,104753.38,
BTC,BTC-USD,2025-06-05,101570.2,
BTC,BTC-USD,2025-06-06,104397.99,
BTC,BTC-USD,2025-06-07,105619.02,
BTC,BTC-USD,2025-06-08,105784.4,
BTC,BTC-USD,2025-06-09,110301.15,
BTC,BTC-USD,2025-06-10,110300.24,
BTC,BTC-USD,2025-06-11,108669.37,
BTC,BTC-USD,2025-06-12,105721.05,
BTC,BTC-USD,2025-06-13,106118.7,
BTC,BTC-USD,2025-06-14,105465.42,
BTC,BTC-USD,2025-06-15,105599.25,
BTC,BTC-USD,2025-06-16,106853.38,
BTC,BTC-USD,2025-06-17,104590.44,
BTC,BTC-USD,2025-06-18,104915.6,
BTC,BTC-USD,2025-06-19,104671.9,
BTC,BTC-USD,2025-06-20,103317.8,
BTC,BTC-USD,2025-06-21,102160.03,
BTC,BTC-USD,2025-06-22,100996.87,
BTC,BTC-USD,2025-06-23,105419.39,
BTC,BTC-USD,2025-06-24,106141.0,
BTC,BTC-USD,2025-06-25,107400.22,
BTC,BTC-USD,2025-06-26,107029.64,
BTC,BTC-USD,2025-06-27,107113.38,
BTC,BTC-USD,2025-06-28,107352.2,
BTC,BTC-USD,2025-06-29,108386.44,
BTC,BTC-USD,2025-06-30,107173.21,
BTC,BTC-USD,2025-07-01,105711.78,
BTC,BTC-USD,2025-07-02,108888.32,
BTC,BTC-USD,2025-07-03,109628.83,
BTC,BTC-USD,2025-07-04,108028.6,
BTC,BTC-USD,2025-07-05,108246.65,
BTC,BTC-USD,2025-07-06,109217.98,
BTC,BTC-USD,2025-07-07,108269.84,
BTC,BTC-USD,2025-07-08,108958.04,
BTC,BTC-USD,2025-07-09,111282.85,
BTC,BTC-USD,2025-07-10,116031.3,
BTC,BTC-USD,2025-07-11,117582.16,
BTC,BTC-USD,2025-07-12,117472.65,
BTC,BTC-USD,2025-07-13,119130.81,
BTC,BTC-USD,2025-07-14,119863.71,
BTC,BTC-USD,2025-07-15,117781.64,
BTC,BTC-USD,2025-07-16,118681.68,
BTC,BTC-USD,2025-07-17,119273.69,
BTC,BTC-USD,2025-07-18,118023.05,
BTC,BTC-USD,2025-07-19,117914.17,
BTC,BTC-USD,2025-07-20,117312.7,
BTC,BTC-USD,2025-07-21,117428.79,
BTC,BTC-USD,2025-07-22,120026.42,
BTC,BTC-USD,2025-07-23,118810.44,
BTC,BTC-USD,2025-07-24,118397.04,
BTC,BTC-USD,2025-07-25,117633.27,
BTC,BTC-USD,2025-07-26,117969.63,
BTC,BTC-USD,2025-07-27,119465.52,
BTC,BTC-USD,2025-07-28,118070.59,
BTC,BTC-USD,2025-07-29,117933.39,
BTC,BTC-USD,2025-07-30,117830.15,
BTC,BTC-USD,2025-07-31,115761.13,
BTC,BTC-USD,2025-08-01,113248.73,
BTC,BTC-USD,2025-08-02,112542.74,
BTC,BTC-USD,2025-08-03,114215.73,
BTC,BTC-USD,2025-08-04,115051.85,
BTC,BTC-USD,2025-08-05,114112.95,
BTC,BTC-USD,2025-08-06,115028.83,
BTC,BTC-USD,2025-08-07,117515.49,
BTC,BTC-USD,2025-08-08,116683.79,
BTC,BTC-USD,2025-08-09,116492.51,
BTC,BTC-USD,2025-08-10,119309.37,
BTC,BTC-USD,2025-08-11,118701.84,
BTC,BTC-USD,2025-08-12,120113.18,
BTC,BTC-USD,2025-08-13,123365.63,
BTC,BTC-USD,2025-08-14,118389.79,
BTC,BTC-USD,2025-08-15,117436.96,
BTC,BTC-USD,2025-08-16,117455.68,
BTC,BTC-USD,2025-08-17,117488.6,
BTC,BTC-USD,2025-08-18,116286.76,
BTC,BTC-USD,2025-08-19,112856.19,
BTC,BTC-USD,2025-08-20,114276.0,
BTC,BTC-USD,2025-08-21,112480.3,
BTC,BTC-USD,2025-08-22,116908.68,
BTC,BTC-USD,2025-08-23,115383.87,
BTC,BTC-USD,2025-08-24,113478.0,
BTC,BTC-USD,2025-08-25,110127.74,
BTC,BTC-USD,2025-08-26,111788.01,
BTC,BTC-USD,2025-08-27,111253.21,
BTC,BTC-USD,2025-08-28,112574.85,
BTC,BTC-USD,2025-08-29,108378.32,
BTC,BTC-USD,2025-08-30,108827.93,
BTC,BTC-USD,2025-08-31,108247.95,
BTC,BTC-USD,2025-09-01,109240.55,
BTC,BTC-USD,2025-09-02,111247.94,
BTC,BTC-USD,2025-09-03,111756.41,
BTC,BTC-USD,2025-09-04,110720.79,
BTC,BTC-USD,2025-09-05,110670.02,
BTC,BTC-USD,2025-09-06,110212.6,
BTC,BTC-USD,2025-09-07,111129.61,
BTC,BTC-USD,2025-09-08,112072.57,
BTC,BTC-USD,2025-09-09,111549.32,
BTC,BTC-USD,2025-09-10,113983.97,
BTC,BTC-USD,2025-09-11,115540.0,
BTC,BTC-USD,2025-09-12,116106.03,
BTC,BTC-USD,2025-09-13,115968.35,
BTC,BTC-USD,2025-09-14,115314.13,
BTC,BTC-USD,2025-09-15,115381.08,
BTC,BTC-USD,2025-09-16,116832.56,
BTC,BTC-USD,2025-09-17,116484.4,
BTC,BTC-USD,2025-09-18,117117.99,
BTC,BTC-USD,2025-09-19,115690.55,
BTC,BTC-USD,2025-09-20,115752.4,
BTC,BTC-USD,2025-09-21,115282.27,
BTC,BTC-USD,2025-09-22,112736.59,
BTC,BTC-USD,2025-09-23,112017.21,
BTC,BTC-USD,2025-09-24,113348.17,
BTC,BTC-USD,2025-09-25,109035.72,
BTC,BTC-USD,2025-09-26,109697.29,
BTC,BTC-USD,2025-09-27,109681.16,
BTC,BTC-USD,2025-09-28,112197.67,
BTC,BTC-USD,2025-09-29,114365.07,
BTC,BTC-USD,2025-09-30,114067.71,
BTC,BTC-USD,2025-10-01,118659.97,
BTC,BTC-USD,2025-10-02,120621.32,
BTC,BTC-USD,2025-10-03,122318.4,
BTC,BTC-USD,2025-10-04,122458.56,
BTC,BTC-USD,2025-10-05,123520.79,
BTC,BTC-USD,2025-10-06,124720.09,
BTC,BTC-USD,2025-10-07,121393.95,
BTC,BTC-USD,2025-10-08,123343.25,
BTC,BTC-USD,2025-10-09,121714.51,
BTC,BTC-USD,2025-10-10,112980.28,
BTC,BTC-USD,2025-10-11,110768.89,
BTC,BTC-USD,2025-10-12,115067.98,
BTC,BTC-USD,2025-10-13,115274.03,
BTC,BTC-USD,2025-10-14,113068.0,
BTC,BTC-USD,2025-10-15,110804.12,
BTC,BTC-USD,2025-10-16,108198.0,
BTC,BTC-USD,2025-10-17,106463.3,
BTC,BTC-USD,2025-10-18,107208.91,
BTC,BTC-USD,2025-10-19,108676.78,
BTC,BTC-USD,2025-10-20,110568.06,
BTC,BTC-USD,2025-10-21,108362.27,
BTC,BTC-USD,2025-10-22,107585.98,
BTC,BTC-USD,2025-10-23,110116.03,
BTC,BTC-USD,2025-10-24,111042.13,
BTC,BTC-USD,2025-10-25,111666.21,
BTC,BTC-USD,2025-10-26,114548.09,
BTC,BTC-USD,2025-10-27,114087.06,
BTC,BTC-USD,2025-10-28,112906.75,
BTC,BTC-USD,2025-10-29,110032.13,
BTC,BTC-USD,2025-10-30,108308.18,
BTC,BTC-USD,2025-10-31,109555.27,
BTC,BTC-USD,2025-11-01,110052.25,
BTC,BTC-USD,2025-11-02,110536.01,
BTC,BTC-USD,2025-11-03,106557.98,
BTC,BTC-USD,2025-11-04,101468.15,
BTC,BTC-USD,2025-11-05,103869.0,
BTC,BTC-USD,2025-11-06,101290.5,
BTC,BTC-USD,2025-11-07,103284.27,
BTC,BTC-USD,2025-11-08,102285.57,
BTC,BTC-USD,2025-11-09,104694.95,
BTC,BTC-USD,2025-11-10,105979.38,
BTC,BTC-USD,2025-11-11,103009.35,
BTC,BTC-USD,2025-11-12,101639.01,
BTC,BTC-USD,2025-11-13,99614.54,
BTC,BTC-USD,2025-11-14,94503.96,
BTC,BTC-USD,2025-11-15,95544.94,
BTC,BTC-USD,2025-11-16,94183.97,
BTC,BTC-USD,2025-11-17,92100.6,
BTC,BTC-USD,2025-11-18,92914.46,
BTC,BTC-USD,2025-11-19,91461.6,
BTC,BTC-USD,2025-11-20,86536.88,
BTC,BTC-USD,2025-11-21,85068.88,
BTC,BTC-USD,2025-11-22,84684.0,
BTC,BTC-USD,2025-11-23,86808.28,
BTC,BTC-USD,2025-11-24,88266.2,
BTC,BTC-USD,2025-11-25,87325.01,
BTC,BTC-USD,2025-11-26,90468.84,
BTC,BTC-USD,2025-11-27,91316.7,
BTC,BTC-USD,2025-11-28,90902.7,
BTC,BTC-USD,2025-11-29,90828.06,
BTC,BTC-USD,2025-11-30,90369.51,
BTC,BTC-USD,2025-12-01,86282.36,
BTC,BTC-USD,2025-12-02,91308.05,
BTC,BTC-USD,2025-12-03,93453.84,
BTC,BTC-USD,2025-12-04,92093.54,
BTC,BTC-USD,2025-12-05,89345.29,
BTC,BTC-USD,2025-12-06,89267.97,
BTC,BTC-USD,2025-12-07,90402.29,
BTC,BTC-USD,2025-12-08,90653.86,
BTC,BTC-USD,2025-12-09,92690.0,
BTC,BTC-USD,2025-12-10,92035.99,
BTC,BTC-USD,2025-12-11,92542.0,
BTC,BTC-USD,2025-12-12,90278.0,
BTC,BTC-USD,2025-12-13,90255.32,
BTC,BTC-USD,2025-12-14,88171.61,
BTC,BTC-USD,2025-12-15,86417.5,
BTC,BTC-USD,2025-12-16,87854.01,
BTC,BTC-USD,2025-12-17,86209.77,
BTC,BTC-USD,2025-12-18,85460.02,
BTC,BTC-USD,2025-12-19,88092.65,
BTC,BTC-USD,2025-12-20,88324.0,
BTC,BTC-USD,2025-12-21,88639.95,
BTC,BTC-USD,2025-12-22,88556.77,
BTC,BTC-USD,2025-12-23,87429.32,
BTC,BTC-USD,2025-12-24,87609.03,
BTC,BTC-USD,2025-12-25,87171.68,
BTC,BTC-USD,2025-12-26,87296.01,
BTC,BTC-USD,2025-12-27,87808.0,
BTC,BTC-USD,2025-12-28,87877.29,
BTC,BTC-USD,2025-12-29,87110.78,
BTC,BTC-USD,2025-12-30,88397.5,
BTC,BTC-USD,2025-12-31,87497.94,
BTC,BTC-USD,2026-01-01,88738.34,
BTC,BTC-USD,2026-01-02,89957.99,
BTC,BTC-USD,2026-01-03,90598.02,
BTC,BTC-USD,2026-01-04,91494.0,
BTC,BTC-USD,2026-01-05,93870.06,
BTC,BTC-USD,2026-01-06,93722.01,
BTC,BTC-USD,2026-01-07,91279.73,
BTC,BTC-USD,2026-01-08,91026.0,
BTC,BTC-USD,2026-01-09,90515.45,
BTC,BTC-USD,2026-01-10,90385.54,
BTC,BTC-USD,2026-01-11,90872.01,
BTC,BTC-USD,2026-01-12,91188.09,
BTC,BTC-USD,2026-01-13,95384.23,
BTC,BTC-USD,2026-01-14,96955.16,
BTC,BTC-USD,2026-01-15,95587.65,
BTC,BTC-USD,2026-01-16,95504.0,
BTC,BTC-USD,2026-01-17,95109.99,
BTC,BTC-USD,2026-01-18,93633.53,
BTC,BTC-USD,2026-01-19,92559.66,
BTC,BTC-USD,2026-01-20,88310.6,
BTC,BTC-USD,2026-01-21,89363.71,
BTC,BTC-USD,2026-01-22,89463.5,
BTC,BTC-USD,2026-01-23,89474.93,
BTC,BTC-USD,2026-01-24,89082.17,
BTC,BTC-USD,2026-01-25,86561.94,
BTC,BTC-USD,2026-01-26,88250.01,
BTC,BTC-USD,2026-01-27,89116.96,
BTC,BTC-USD,2026-01-28,89162.4,
BTC,BTC-USD,2026-01-29,84513.2,
BTC,BTC-USD,2026-01-30,84110.99,
BTC,BTC-USD,2026-01-31,78648.0,
BTC,BTC-USD,2026-02-01,76895.53,
BTC,BTC-USD,2026-02-02,78666.85,
BTC,BTC-USD,2026-02-03,75661.49,
BTC,BTC-USD,2026-02-04,72998.0,
BTC,BTC-USD,2026-02-05,62791.0,
BTC,BTC-USD,2026-02-06,70527.7,
BTC,BTC-USD,2026-02-07,69244.74,
BTC,BTC-USD,2026-02-08,70279.33,
BTC,BTC-USD,2026-02-09,70101.99,
BTC,BTC-USD,2026-02-10,68803.65,
ETH,ETH-USD,2024-02-13,2641.63,
ETH,ETH-USD,2024-02-14,2777.56,
ETH,ETH-USD,2024-02-15,2825.94,
ETH,ETH-USD,2024-02-16,2803.89,
ETH,ETH-USD,2024-02-17,2786.83,
ETH,ETH-USD,2024-02-18,2882.06,
ETH,ETH-USD,2024-02-19,2945.43,
ETH,ETH-USD,2024-02-20,3015.56,
ETH,ETH-USD,2024-02-21,2968.37,
ETH,ETH-USD,2024-02-22,2969.77,
ETH,ETH-USD,2024-02-23,2921.79,
ETH,ETH-USD,2024-02-24,2992.66,
ETH,ETH-USD,2024-02-25,3113.17,
ETH,ETH-USD,2024-02-26,3178.34,
ETH,ETH-USD,2024-02-27,3243.84,
ETH,ETH-USD,2024-02-28,3386.64,
ETH,ETH-USD,2024-02-29,3341.78,
ETH,ETH-USD,2024-03-01,3436.0,
ETH,ETH-USD,2024-03-02,3424.04,
ETH,ETH-USD,2024-03-03,3489.53,
ETH,ETH-USD,2024-03-04,3633.23,
ETH,ETH-USD,2024-03-05,3557.41,
ETH,ETH-USD,2024-03-06,3821.82,
ETH,ETH-USD,2024-03-07,3875.28,
ETH,ETH-USD,2024-03-08,3892.6,
ETH,ETH-USD,2024-03-09,3913.55,
ETH,ETH-USD,2024-03-10,3881.96,
ETH,ETH-USD,2024-03-11,4066.21,
ETH,ETH-USD,2024-03-12,3980.34,
ETH,ETH-USD,2024-03-13,4007.7,
ETH,ETH-USD,2024-03-14,3880.45,
ETH,ETH-USD,2024-03-15,3742.95,
ETH,ETH-USD,2024-03-16,3520.1,
ETH,ETH-USD,2024-03-17,3641.02,
ETH,ETH-USD,2024-03-18,3520.66,
ETH,ETH-USD,2024-03-19,3156.97,
ETH,ETH-USD,2024-03-20,3516.68,
ETH,ETH-USD,2024-03-21,3491.78,
ETH,ETH-USD,2024-03-22,3337.41,
ETH,ETH-USD,2024-03-23,3330.05,
ETH,ETH-USD,2024-03-24,3454.67,
ETH,ETH-USD,2024-03-25,3591.02,
ETH,ETH-USD,2024-03-26,3587.67,
ETH,ETH-USD,2024-03-27,3499.56,
ETH,ETH-USD,2024-03-28,3561.1,
ETH,ETH-USD,2024-03-29,3511.08,
ETH,ETH-USD,2024-03-30,3507.51,
ETH,ETH-USD,2024-03-31,3645.48,
ETH,ETH-USD,2024-04-01,3505.85,
ETH,ETH-USD,2024-04-02,3279.64,
ETH,ETH-USD,2024-04-03,3312.43,
ETH,ETH-USD,2024-04-04,3329.39,
ETH,ETH-USD,2024-04-05,3319.26,
ETH,ETH-USD,2024-04-06,3352.66,
ETH,ETH-USD,2024-04-07,3453.67,
ETH,ETH-USD,2024-04-08,3694.56,
ETH,ETH-USD,2024-04-09,3504.58,
ETH,ETH-USD,2024-04-10,3546.0,
ETH,ETH-USD,2024-04-11,3503.06,
ETH,ETH-USD,2024-04-12,3239.31,
ETH,ETH-USD,2024-04-13,3011.39,
ETH,ETH-USD,2024-04-14,3158.06,
ETH,ETH-USD,2024-04-15,3103.13,
ETH,ETH-USD,2024-04-16,3085.25,
ETH,ETH-USD,2024-04-17,2984.98,
ETH,ETH-USD,2024-04-18,3065.82,
ETH,ETH-USD,2024-04-19,3057.93,
ETH,ETH-USD,2024-04-20,3157.01,
ETH,ETH-USD,2024-04-21,3148.1,
ETH,ETH-USD,2024-04-22,3201.46,
ETH,ETH-USD,2024-04-23,3219.49,
ETH,ETH-USD,2024-04-24,3138.91,
ETH,ETH-USD,2024-04-25,3155.36,
ETH,ETH-USD,2024-04-26,3130.0,
ETH,ETH-USD,2024-04-27,3253.04,
ETH,ETH-USD,2024-04-28,3262.6,
ETH,ETH-USD,2024-04-29,3215.53,
ETH,ETH-USD,2024-04-30,3011.4,
ETH,ETH-USD,2024-05-01,2968.12,
ETH,ETH-USD,2024-05-02,2986.32,
ETH,ETH-USD,2024-05-03,3103.27,
ETH,ETH-USD,2024-05-04,3117.41,
ETH,ETH-USD,2024-05-05,3136.95,
ETH,ETH-USD,2024-05-06,3062.69,
ETH,ETH-USD,2024-05-07,3005.78,
ETH,ETH-USD,2024-05-08,2972.82,
ETH,ETH-USD,2024-05-09,3035.92,
ETH,ETH-USD,2024-05-10,2909.43,
ETH,ETH-USD,2024-05-11,2911.75,
ETH,ETH-USD,2024-05-12,2927.75,
ETH,ETH-USD,2024-05-13,2950.21,
ETH,ETH-USD,2024-05-14,2880.4,
ETH,ETH-USD,2024-05-15,3033.2,
ETH,ETH-USD,2024-05-16,2945.11,
ETH,ETH-USD,2024-05-17,3093.39,
ETH,ETH-USD,2024-05-18,3123.99,
ETH,ETH-USD,2024-05-19,3070.9,
ETH,ETH-USD,2024-05-20,3661.52,
ETH,ETH-USD,2024-05-21,3789.37,
ETH,ETH-USD,2024-05-22,3735.99,
ETH,ETH-USD,2024-05-23,3780.83,
ETH,ETH-USD,2024-05-24,3726.89,
ETH,ETH-USD,2024-05-25,3749.06,
ETH,ETH-USD,2024-05-26,3823.83,
ETH,ETH-USD,2024-05-27,3890.72,
ETH,ETH-USD,2024-05-28,3839.98,
ETH,ETH-USD,2024-05-29,3762.11,
ETH,ETH-USD,2024-05-30,3746.74,
ETH,ETH-USD,2024-05-31,3758.44,
ETH,ETH-USD,2024-06-01,3812.48,
ETH,ETH-USD,2024-06-02,3778.88,
ETH,ETH-USD,2024-06-03,3766.09,
ETH,ETH-USD,2024-06-04,3810.29,
ETH,ETH-USD,2024-06-05,3866.57,
ETH,ETH-USD,2024-06-06,3812.09,
ETH,ETH-USD,2024-06-07,3676.35,
ETH,ETH-USD,2024-06-08,3680.84,
ETH,ETH-USD,2024-06-09,3706.27,
ETH,ETH-USD,2024-06-10,3665.86,
ETH,ETH-USD,2024-06-11,3497.31,
ETH,ETH-USD,2024-06-12,3559.14,
ETH,ETH-USD,2024-06-13,3467.65,
ETH,ETH-USD,2024-06-14,3479.53,
ETH,ETH-USD,2024-06-15,3566.69,
ETH,ETH-USD,2024-06-16,3622.1,
ETH,ETH-USD,2024-06-17,3509.55,
ETH,ETH-USD,2024-06-18,3482.06,
ETH,ETH-USD,2024-06-19,3559.14,
ETH,ETH-USD,2024-06-20,3510.73,
ETH,ETH-USD,2024-06-21,3517.19,
ETH,ETH-USD,2024-06-22,3494.09,
ETH,ETH-USD,2024-06-23,3418.42,
ETH,ETH-USD,2024-06-24,3350.59,
ETH,ETH-USD,2024-06-25,3393.6,
ETH,ETH-USD,2024-06-26,3369.31,
ETH,ETH-USD,2024-06-27,3445.58,
ETH,ETH-USD,2024-06-28,3373.62,
ETH,ETH-USD,2024-06-29,3373.26,
ETH,ETH-USD,2024-06-30,3432.37,
ETH,ETH-USD,2024-07-01,3438.59,
ETH,ETH-USD,2024-07-02,3416.17,
ETH,ETH-USD,2024-07-03,3291.73,
ETH,ETH-USD,2024-07-04,3058.89,
ETH,ETH-USD,2024-07-05,2981.74,
ETH,ETH-USD,2024-07-06,3067.39,
ETH,ETH-USD,2024-07-07,2930.78,
ETH,ETH-USD,2024-07-08,3018.48,
ETH,ETH-USD,2024-07-09,3066.51,
ETH,ETH-USD,2024-07-10,3100.3,
ETH,ETH-USD,2024-07-11,3099.29,
ETH,ETH-USD,2024-07-12,3135.05,
ETH,ETH-USD,2024-07-13,3176.71,
ETH,ETH-USD,2024-07-14,3246.38,
ETH,ETH-USD,2024-07-15,3485.87,
ETH,ETH-USD,2024-07-16,3446.67,
ETH,ETH-USD,2024-07-17,3387.45,
ETH,ETH-USD,2024-07-18,3425.58,
ETH,ETH-USD,2024-07-19,3505.75,
ETH,ETH-USD,2024-07-20,3519.06,
ETH,ETH-USD,2024-07-21,3536.2,
ETH,ETH-USD,2024-07-22,3441.1,
ETH,ETH-USD,2024-07-23,3482.9,
ETH,ETH-USD,2024-07-24,3334.99,
ETH,ETH-USD,2024-07-25,3174.3,
ETH,ETH-USD,2024-07-26,3274.95,
ETH,ETH-USD,2024-07-27,3249.25,
ETH,ETH-USD,2024-07-28,3269.98,
ETH,ETH-USD,2024-07-29,3317.55,
ETH,ETH-USD,2024-07-30,3278.27,
ETH,ETH-USD,2024-07-31,3231.81,
ETH,ETH-USD,2024-08-01,3200.54,
ETH,ETH-USD,2024-08-02,2985.84,
ETH,ETH-USD,2024-08-03,2901.72,
ETH,ETH-USD,2024-08-04,2688.31,
ETH,ETH-USD,2024-08-05,2420.37,
ETH,ETH-USD,2024-08-06,2462.52,
ETH,ETH-USD,2024-08-07,2343.66,
ETH,ETH-USD,2024-08-08,2683.59,
ETH,ETH-USD,2024-08-09,2599.94,
ETH,ETH-USD,2024-08-10,2610.69,
ETH,ETH-USD,2024-08-11,2555.58,
ETH,ETH-USD,2024-08-12,2723.0,
ETH,ETH-USD,2024-08-13,2703.49,
ETH,ETH-USD,2024-08-14,2661.67,
ETH,ETH-USD,2024-08-15,2570.5,
ETH,ETH-USD,2024-08-16,2593.75,
ETH,ETH-USD,2024-08-17,2614.64,
ETH,ETH-USD,2024-08-18,2612.68,
ETH,ETH-USD,2024-08-19,2637.15,
ETH,ETH-USD,2024-08-20,2573.04,
ETH,ETH-USD,2024-08-21,2631.14,
ETH,ETH-USD,2024-08-22,2623.3,
ETH,ETH-USD,2024-08-23,2764.73,
ETH,ETH-USD,2024-08-24,2769.0,
ETH,ETH-USD,2024-08-25,2747.57,
ETH,ETH-USD,2024-08-26,2680.77,
ETH,ETH-USD,2024-08-27,2458.22,
ETH,ETH-USD,2024-08-28,2528.51,
ETH,ETH-USD,2024-08-29,2527.71,
ETH,ETH-USD,2024-08-30,2525.74,
ETH,ETH-USD,2024-08-31,2512.62,
ETH,ETH-USD,2024-09-01,2425.9,
ETH,ETH-USD,2024-09-02,2537.81,
ETH,ETH-USD,2024-09-03,2424.18,
ETH,ETH-USD,2024-09-04,2450.46,
ETH,ETH-USD,2024-09-05,2367.8,
ETH,ETH-USD,2024-09-06,2224.46,
ETH,ETH-USD,2024-09-07,2272.88,
ETH,ETH-USD,2024-09-08,2297.47,
ETH,ETH-USD,2024-09-09,2360.1,
ETH,ETH-USD,2024-09-10,2388.26,
ETH,ETH-USD,2024-09-11,2340.54,
ETH,ETH-USD,2024-09-12,2361.63,
ETH,ETH-USD,2024-09-13,2440.96,
ETH,ETH-USD,2024-09-14,2418.19,
ETH,ETH-USD,2024-09-15,2316.37,
ETH,ETH-USD,2024-09-16,2295.21,
ETH,ETH-USD,2024-09-17,2342.1,
ETH,ETH-USD,2024-09-18,2374.59,
ETH,ETH-USD,2024-09-19,2465.84,
ETH,ETH-USD,2024-09-20,2562.02,
ETH,ETH-USD,2024-09-21,2613.16,
ETH,ETH-USD,2024-09-22,2580.92,
ETH,ETH-USD,2024-09-23,2646.72,
ETH,ETH-USD,2024-09-24,2653.31,
ETH,ETH-USD,2024-09-25,2579.25,
ETH,ETH-USD,2024-09-26,2632.53,
ETH,ETH-USD,2024-09-27,2695.37,
ETH,ETH-USD,2024-09-28,2675.79,
ETH,ETH-USD,2024-09-29,2657.89,
ETH,ETH-USD,2024-09-30,2601.27,
ETH,ETH-USD,2024-10-01,2447.55,
ETH,ETH-USD,2024-10-02,2363.76,
ETH,ETH-USD,2024-10-03,2349.97,
ETH,ETH-USD,2024-10-04,2414.43,
ETH,ETH-USD,2024-10-05,2414.51,
ETH,ETH-USD,2024-10-06,2439.84,
ETH,ETH-USD,2024-10-07,2421.68,
ETH,ETH-USD,2024-10-08,2439.48,
ETH,ETH-USD,2024-10-09,2368.66,
ETH,ETH-USD,2024-10-10,2384.32,
ETH,ETH-USD,2024-10-11,2438.77,
ETH,ETH-USD,2024-10-12,2475.79,
ETH,ETH-USD,2024-10-13,2467.67,
ETH,ETH-USD,2024-10-14,2628.74,
ETH,ETH-USD,2024-10-15,2606.63,
ETH,ETH-USD,2024-10-16,2610.54,
ETH,ETH-USD,2024-10-17,2604.91,
ETH,ETH-USD,2024-10-18,2641.98,
ETH,ETH-USD,2024-10-19,2647.97,
ETH,ETH-USD,2024-10-20,2746.22,
ETH,ETH-USD,2024-10-21,2665.35,
ETH,ETH-USD,2024-10-22,2620.84,
ETH,ETH-USD,2024-10-23,2521.94,
ETH,ETH-USD,2024-10-24,2533.99,
ETH,ETH-USD,2024-10-25,2436.01,
ETH,ETH-USD,2024-10-26,2479.49,
ETH,ETH-USD,2024-10-27,2504.69,
ETH,ETH-USD,2024-10-28,2565.66,
ETH,ETH-USD,2024-10-29,2637.85,
ETH,ETH-USD,2024-10-30,2658.16,
ETH,ETH-USD,2024-10-31,2514.84,
ETH,ETH-USD,2024-11-01,2510.27,
ETH,ETH-USD,2024-11-02,2493.44,
ETH,ETH-USD,2024-11-03,2456.57,
ETH,ETH-USD,2024-11-04,2397.0,
ETH,ETH-USD,2024-11-05,2422.24,
ETH,ETH-USD,2024-11-06,2724.27,
ETH,ETH-USD,2024-11-07,2897.65,
ETH,ETH-USD,2024-11-08,2964.09,
ETH,ETH-USD,2024-11-09,3127.97,
ETH,ETH-USD,2024-11-10,3186.07,
ETH,ETH-USD,2024-11-11,3375.78,
ETH,ETH-USD,2024-11-12,3247.21,
ETH,ETH-USD,2024-11-13,3191.45,
ETH,ETH-USD,2024-11-14,3059.04,
ETH,ETH-USD,2024-11-15,3090.76,
ETH,ETH-USD,2024-11-16,3134.25,
ETH,ETH-USD,2024-11-17,3076.79,
ETH,ETH-USD,2024-11-18,3209.21,
ETH,ETH-USD,2024-11-19,3111.7,
ETH,ETH-USD,2024-11-20,3072.24,
ETH,ETH-USD,2024-11-21,3359.9,
ETH,ETH-USD,2024-11-22,3331.77,
ETH,ETH-USD,2024-11-23,3397.51,
ETH,ETH-USD,2024-11-24,3365.16,
ETH,ETH-USD,2024-11-25,3414.72,
ETH,ETH-USD,2024-11-26,3323.67,
ETH,ETH-USD,2024-11-27,3657.63,
ETH,ETH-USD,2024-11-28,3579.11,
ETH,ETH-USD,2024-11-29,3593.67,
ETH,ETH-USD,2024-11-30,3706.35,
ETH,ETH-USD,2024-12-01,3710.24,
ETH,ETH-USD,2024-12-02,3644.52,
ETH,ETH-USD,2024-12-03,3617.59,
ETH,ETH-USD,2024-12-04,3843.33,
ETH,ETH-USD,2024-12-05,3788.93,
ETH,ETH-USD,2024-12-06,4004.83,
ETH,ETH-USD,2024-12-07,4000.01,
ETH,ETH-USD,2024-12-08,4006.75,
ETH,ETH-USD,2024-12-09,3713.57,
ETH,ETH-USD,2024-12-10,3630.34,
ETH,ETH-USD,2024-12-11,3835.08,
ETH,ETH-USD,2024-12-12,3882.68,
ETH,ETH-USD,2024-12-13,3907.87,
ETH,ETH-USD,2024-12-14,3869.25,
ETH,ETH-USD,2024-12-15,3957.7,
ETH,ETH-USD,2024-12-16,3987.6,
ETH,ETH-USD,2024-12-17,3893.54,
ETH,ETH-USD,2024-12-18,3624.84,
ETH,ETH-USD,2024-12-19,3414.35,
ETH,ETH-USD,2024-12-20,3470.47,
ETH,ETH-USD,2024-12-21,3337.09,
ETH,ETH-USD,2024-12-22,3278.6,
ETH,ETH-USD,2024-12-23,3418.12,
ETH,ETH-USD,2024-12-24,3491.13,
ETH,ETH-USD,2024-12-25,3493.95,
ETH,ETH-USD,2024-12-26,3330.86,
ETH,ETH-USD,2024-12-27,3328.6,
ETH,ETH-USD,2024-12-28,3397.87,
ETH,ETH-USD,2024-12-29,3350.23,
ETH,ETH-USD,2024-12-30,3355.66,
ETH,ETH-USD,2024-12-31,3330.32,
ETH,ETH-USD,2025-01-01,3353.32,
ETH,ETH-USD,2025-01-02,3452.39,
ETH,ETH-USD,2025-01-03,3607.68,
ETH,ETH-USD,2025-01-04,3656.4,
ETH,ETH-USD,2025-01-05,3635.46,
ETH,ETH-USD,2025-01-06,3688.74,
ETH,ETH-USD,2025-01-07,3380.29,
ETH,ETH-USD,2025-01-08,3326.29,
ETH,ETH-USD,2025-01-09,3218.81,
ETH,ETH-USD,2025-01-10,3266.53,
ETH,ETH-USD,2025-01-11,3282.01,
ETH,ETH-USD,2025-01-12,3266.02,
ETH,ETH-USD,2025-01-13,3136.08,
ETH,ETH-USD,2025-01-14,3223.97,
ETH,ETH-USD,2025-01-15,3451.58,
ETH,ETH-USD,2025-01-16,3307.73,
ETH,ETH-USD,2025-01-17,3475.47,
ETH,ETH-USD,2025-01-18,3304.07,
ETH,ETH-USD,2025-01-19,3210.03,
ETH,ETH-USD,2025-01-20,3280.4,
ETH,ETH-USD,2025-01-21,3327.57,
ETH,ETH-USD,2025-01-22,3241.35,
ETH,ETH-USD,2025-01-23,3338.67,
ETH,ETH-USD,2025-01-24,3309.72,
ETH,ETH-USD,2025-01-25,3318.37,
ETH,ETH-USD,2025-01-26,3231.48,
ETH,ETH-USD,2025-01-27,3181.93,
ETH,ETH-USD,2025-01-28,3076.06,
ETH,ETH-USD,2025-01-29,3114.03,
ETH,ETH-USD,2025-01-30,3247.48,
ETH,ETH-USD,2025-01-31,3299.99,
ETH,ETH-USD,2025-02-01,3116.78,
ETH,ETH-USD,2025-02-02,2869.25,
ETH,ETH-USD,2025-02-03,2883.62,
ETH,ETH-USD,2025-02-04,2732.07,
ETH,ETH-USD,2025-02-05,2788.3,
ETH,ETH-USD,2025-02-06,2687.1,
ETH,ETH-USD,2025-02-07,2622.95,
ETH,ETH-USD,2025-02-08,2632.62,
ETH,ETH-USD,2025-02-09,2627.87,
ETH,ETH-USD,2025-02-10,2661.87,
ETH,ETH-USD,2025-02-11,2602.03,
ETH,ETH-USD,2025-02-12,2738.58,
ETH,ETH-USD,2025-02-13,2676.09,
ETH,ETH-USD,2025-02-14,2726.32,
ETH,ETH-USD,2025-02-15,2693.58,
ETH,ETH-USD,2025-02-16,2661.51,
ETH,ETH-USD,2025-02-17,2744.1,
ETH,ETH-USD,2025-02-18,2670.59,
ETH,ETH-USD,2025-02-19,2715.27,
ETH,ETH-USD,2025-02-20,2738.65,
ETH,ETH-USD,2025-02-21,2661.69,
ETH,ETH-USD,2025-02-22,2763.5,
ETH,ETH-USD,2025-02-23,2819.63,
ETH,ETH-USD,2025-02-24,2513.35,
ETH,ETH-USD,2025-02-25,2492.37,
ETH,ETH-USD,2025-02-26,2332.93,
ETH,ETH-USD,2025-02-27,2305.21,
ETH,ETH-USD,2025-02-28,2236.36,
ETH,ETH-USD,2025-03-01,2216.51,
ETH,ETH-USD,2025-03-02,2518.39,
ETH,ETH-USD,2025-03-03,2147.53,
ETH,ETH-USD,2025-03-04,2170.92,
ETH,ETH-USD,2025-03-05,2241.53,
ETH,ETH-USD,2025-03-06,2202.42,
ETH,ETH-USD,2025-03-07,2140.81,
ETH,ETH-USD,2025-03-08,2203.03,
ETH,ETH-USD,2025-03-09,2020.02,
ETH,ETH-USD,2025-03-10,1864.12,
ETH,ETH-USD,2025-03-11,1923.08,
ETH,ETH-USD,2025-03-12,1907.93,
ETH,ETH-USD,2025-03-13,1863.81,
ETH,ETH-USD,2025-03-14,1911.65,
ETH,ETH-USD,2025-03-15,1937.61,
ETH,ETH-USD,2025-03-16,1886.8,
ETH,ETH-USD,2025-03-17,1926.28,
ETH,ETH-USD,2025-03-18,1931.25,
ETH,ETH-USD,2025-03-19,2057.06,
ETH,ETH-USD,2025-03-20,1982.67,
ETH,ETH-USD,2025-03-21,1964.98,
ETH,ETH-USD,2025-03-22,1980.35,
ETH,ETH-USD,2025-03-23,2005.97,
ETH,ETH-USD,2025-03-24,2081.62,
ETH,ETH-USD,2025-03-25,2066.78,
ETH,ETH-USD,2025-03-26,2009.72,
ETH,ETH-USD,2025-03-27,2003.32,
ETH,ETH-USD,2025-03-28,1896.23,
ETH,ETH-USD,2025-03-29,1827.39,
ETH,ETH-USD,2025-03-30,1807.31,
ETH,ETH-USD,2025-03-31,1822.03,
ETH,ETH-USD,2025-04-01,1905.13,
ETH,ETH-USD,2025-04-02,1794.7,
ETH,ETH-USD,2025-04-03,1816.36,
ETH,ETH-USD,2025-04-04,1816.39,
ETH,ETH-USD,2025-04-05,1805.09,
ETH,ETH-USD,2025-04-06,1579.77,
ETH,ETH-USD,2025-04-07,1552.64,
ETH,ETH-USD,2025-04-08,1471.94,
ETH,ETH-USD,2025-04-09,1669.27,
ETH,ETH-USD,2025-04-10,1521.51,
ETH,ETH-USD,2025-04-11,1566.13,
ETH,ETH-USD,2025-04-12,1643.85,
ETH,ETH-USD,2025-04-13,1597.04,
ETH,ETH-USD,2025-04-14,1624.03,
ETH,ETH-USD,2025-04-15,1588.64,
ETH,ETH-USD,2025-04-16,1577.27,
ETH,ETH-USD,2025-04-17,1583.83,
ETH,ETH-USD,2025-04-18,1588.57,
ETH,ETH-USD,2025-04-19,1612.87,
ETH,ETH-USD,2025-04-20,1587.32,
ETH,ETH-USD,2025-04-21,1579.55,
ETH,ETH-USD,2025-04-22,1757.0,
ETH,ETH-USD,2025-04-23,1795.92,
ETH,ETH-USD,2025-04-24,1770.41,
ETH,ETH-USD,2025-04-25,1785.95,
ETH,ETH-USD,2025-04-26,1821.6,
ETH,ETH-USD,2025-04-27,1791.88,
ETH,ETH-USD,2025-04-28,1800.26,
ETH,ETH-USD,2025-04-29,1798.21,
ETH,ETH-USD,2025-04-30,1793.79,
ETH,ETH-USD,2025-05-01,1838.82,
ETH,ETH-USD,2025-05-02,1842.98,
ETH,ETH-USD,2025-05-03,1834.03,
ETH,ETH-USD,2025-05-04,1809.0,
ETH,ETH-USD,2025-05-05,1820.15,
ETH,ETH-USD,2025-05-06,1817.06,
ETH,ETH-USD,2025-05-07,1811.35,
ETH,ETH-USD,2025-05-08,2207.09,
ETH,ETH-USD,2025-05-09,2345.29,
ETH,ETH-USD,2025-05-10,2583.8,
ETH,ETH-USD,2025-05-11,2514.79,
ETH,ETH-USD,2025-05-12,2495.83,
ETH,ETH-USD,2025-05-13,2679.88,
ETH,ETH-USD,2025-05-14,2610.31,
ETH,ETH-USD,2025-05-15,2548.84,
ETH,ETH-USD,2025-05-16,2538.02,
ETH,ETH-USD,2025-05-17,2476.11,
ETH,ETH-USD,2025-05-18,2498.24,
ETH,ETH-USD,2025-05-19,2528.71,
ETH,ETH-USD,2025-05-20,2525.05,
ETH,ETH-USD,2025-05-21,2551.73,
ETH,ETH-USD,2025-05-22,2665.39,
ETH,ETH-USD,2025-05-23,2527.02,
ETH,ETH-USD,2025-05-24,2530.99,
ETH,ETH-USD,2025-05-25,2552.32,
ETH,ETH-USD,2025-05-26,2564.32,
ETH,ETH-USD,2025-05-27,2662.04,
ETH,ETH-USD,2025-05-28,2682.16,
ETH,ETH-USD,2025-05-29,2631.68,
ETH,ETH-USD,2025-05-30,2531.94,
ETH,ETH-USD,2025-05-31,2529.31,
ETH,ETH-USD,2025-06-01,2540.38,
ETH,ETH-USD,2025-06-02,2609.29,
ETH,ETH-USD,2025-06-03,2595.03,
ETH,ETH-USD,2025-06-04,2609.07,
ETH,ETH-USD,2025-06-05,2415.34,
ETH,ETH-USD,2025-06-06,2478.24,
ETH,ETH-USD,2025-06-07,2526.14,
ETH,ETH-USD,2025-06-08,2510.78,
ETH,ETH-USD,2025-06-09,2681.29,
ETH,ETH-USD,2025-06-10,2816.5,
ETH,ETH-USD,2025-06-11,2772.39,
ETH,ETH-USD,2025-06-12,2643.8,
ETH,ETH-USD,2025-06-13,2580.21,
ETH,ETH-USD,2025-06-14,2531.97,
ETH,ETH-USD,2025-06-15,2548.03,
ETH,ETH-USD,2025-06-16,2545.27,
ETH,ETH-USD,2025-06-17,2510.7,
ETH,ETH-USD,2025-06-18,2525.54,
ETH,ETH-USD,2025-06-19,2521.52,
ETH,ETH-USD,2025-06-20,2407.2,
ETH,ETH-USD,2025-06-21,2297.28,
ETH,ETH-USD,2025-06-22,2228.46,
ETH,ETH-USD,2025-06-23,2413.0,
ETH,ETH-USD,2025-06-24,2449.87,
ETH,ETH-USD,2025-06-25,2420.09,
ETH,ETH-USD,2025-06-26,2417.4,
ETH,ETH-USD,2025-06-27,2424.2,
ETH,ETH-USD,2025-06-28,2437.08,
ETH,ETH-USD,2025-06-29,2500.69,
ETH,ETH-USD,2025-06-30,2486.15,
ETH,ETH-USD,2025-07-01,2405.32,
ETH,ETH-USD,2025-07-02,2571.13,
ETH,ETH-USD,2025-07-03,2592.13,
ETH,ETH-USD,2025-07-04,2508.8,
ETH,ETH-USD,2025-07-05,2517.01,
ETH,ETH-USD,2025-07-06,2570.84,
ETH,ETH-USD,2025-07-07,2542.38,
ETH,ETH-USD,2025-07-08,2616.52,
ETH,ETH-USD,2025-07-09,2769.83,
ETH,ETH-USD,2025-07-10,2951.22,
ETH,ETH-USD,2025-07-11,2959.12,
ETH,ETH-USD,2025-07-12,2944.37,
ETH,ETH-USD,2025-07-13,2973.38,
ETH,ETH-USD,2025-07-14,3014.53,
ETH,ETH-USD,2025-07-15,3138.01,
ETH,ETH-USD,2025-07-16,3373.12,
ETH,ETH-USD,2025-07-17,3479.77,
ETH,ETH-USD,2025-07-18,3549.67,
ETH,ETH-USD,2025-07-19,3594.3,
ETH,ETH-USD,2025-07-20,3758.6,
ETH,ETH-USD,2025-07-21,3763.75,
ETH,ETH-USD,2025-07-22,3748.62,
ETH,ETH-USD,2025-07-23,3630.34,
ETH,ETH-USD,2025-07-24,3708.6,
ETH,ETH-USD,2025-07-25,3725.84,
ETH,ETH-USD,2025-07-26,3743.06,
ETH,ETH-USD,2025-07-27,3873.92,
ETH,ETH-USD,2025-07-28,3799.46,
ETH,ETH-USD,2025-07-29,3793.4,
ETH,ETH-USD,2025-07-30,3810.44,
ETH,ETH-USD,2025-07-31,3698.07,
ETH,ETH-USD,2025-08-01,3486.39,
ETH,ETH-USD,2025-08-02,3392.8,
ETH,ETH-USD,2025-08-03,3497.31,
ETH,ETH-USD,2025-08-04,3720.87,
ETH,ETH-USD,2025-08-05,3611.57,
ETH,ETH-USD,2025-08-06,3683.8,
ETH,ETH-USD,2025-08-07,3911.28,
ETH,ETH-USD,2025-08-08,4011.0,
ETH,ETH-USD,2025-08-09,4262.46,
ETH,ETH-USD,2025-08-10,4251.91,
ETH,ETH-USD,2025-08-11,4224.48,
ETH,ETH-USD,2025-08-12,4589.88,
ETH,ETH-USD,2025-08-13,4751.46,
ETH,ETH-USD,2025-08-14,4550.59,
ETH,ETH-USD,2025-08-15,4442.56,
ETH,ETH-USD,2025-08-16,4425.13,
ETH,ETH-USD,2025-08-17,4475.47,
ETH,ETH-USD,2025-08-18,4315.37,
ETH,ETH-USD,2025-08-19,4075.89,
ETH,ETH-USD,2025-08-20,4336.41,
ETH,ETH-USD,2025-08-21,4224.43,
ETH,ETH-USD,2025-08-22,4831.24,
ETH,ETH-USD,2025-08-23,4776.73,
ETH,ETH-USD,2025-08-24,4779.87,
ETH,ETH-USD,2025-08-25,4377.02,
ETH,ETH-USD,2025-08-26,4601.64,
ETH,ETH-USD,2025-08-27,4506.95,
ETH,ETH-USD,2025-08-28,4511.3,
ETH,ETH-USD,2025-08-29,4360.2,
ETH,ETH-USD,2025-08-30,4374.58,
ETH,ETH-USD,2025-08-31,4391.91,
ETH,ETH-USD,2025-09-01,4314.76,
ETH,ETH-USD,2025-09-02,4326.57,
ETH,ETH-USD,2025-09-03,4452.4,
ETH,ETH-USD,2025-09-04,4298.37,
ETH,ETH-USD,2025-09-05,4307.65,
ETH,ETH-USD,2025-09-06,4274.15,
ETH,ETH-USD,2025-09-07,4305.56,
ETH,ETH-USD,2025-09-08,4305.84,
ETH,ETH-USD,2025-09-09,4309.93,
ETH,ETH-USD,2025-09-10,4350.0,
ETH,ETH-USD,2025-09-11,4460.51,
ETH,ETH-USD,2025-09-12,4714.66,
ETH,ETH-USD,2025-09-13,4669.0,
ETH,ETH-USD,2025-09-14,4605.93,
ETH,ETH-USD,2025-09-15,4524.56,
ETH,ETH-USD,2025-09-16,4502.7,
ETH,ETH-USD,2025-09-17,4592.17,
ETH,ETH-USD,2025-09-18,4589.4,
ETH,ETH-USD,2025-09-19,4471.0,
ETH,ETH-USD,2025-09-20,4482.69,
ETH,ETH-USD,2025-09-21,4447.03,
ETH,ETH-USD,2025-09-22,4202.42,
ETH,ETH-USD,2025-09-23,4165.19,
ETH,ETH-USD,2025-09-24,4153.9,
ETH,ETH-USD,2025-09-25,3875.7,
ETH,ETH-USD,2025-09-26,4034.27,
ETH,ETH-USD,2025-09-27,4020.35,
ETH,ETH-USD,2025-09-28,4143.25,
ETH,ETH-USD,2025-09-29,4217.25,
ETH,ETH-USD,2025-09-30,4145.99,
ETH,ETH-USD,2025-10-01,4350.52,
ETH,ETH-USD,2025-10-02,4487.49,
ETH,ETH-USD,2025-10-03,4515.89,
ETH,ETH-USD,2025-10-04,4490.01,
ETH,ETH-USD,2025-10-05,4515.4,
ETH,ETH-USD,2025-10-06,4686.32,
ETH,ETH-USD,2025-10-07,4449.8,
ETH,ETH-USD,2025-10-08,4527.3,
ETH,ETH-USD,2025-10-09,4370.9,
ETH,ETH-USD,2025-10-10,3836.15,
ETH,ETH-USD,2025-10-11,3750.6,
ETH,ETH-USD,2025-10-12,4156.21,
ETH,ETH-USD,2025-10-13,4244.69,
ETH,ETH-USD,2025-10-14,4126.39,
ETH,ETH-USD,2025-10-15,3987.53,
ETH,ETH-USD,2025-10-16,3894.91,
ETH,ETH-USD,2025-10-17,3832.99,
ETH,ETH-USD,2025-10-18,3890.4,
ETH,ETH-USD,2025-10-19,3983.89,
ETH,ETH-USD,2025-10-20,3980.42,
ETH,ETH-USD,2025-10-21,3874.57,
ETH,ETH-USD,2025-10-22,3806.12,
ETH,ETH-USD,2025-10-23,3858.41,
ETH,ETH-USD,2025-10-24,3936.1,
ETH,ETH-USD,2025-10-25,3954.52,
ETH,ETH-USD,2025-10-26,4158.81,
ETH,ETH-USD,2025-10-27,4120.1,
ETH,ETH-USD,2025-10-28,3980.25,
ETH,ETH-USD,2025-10-29,3904.2,
ETH,ETH-USD,2025-10-30,3804.02,
ETH,ETH-USD,2025-10-31,3845.79,
ETH,ETH-USD,2025-11-01,3872.16,
ETH,ETH-USD,2025-11-02,3905.97,
ETH,ETH-USD,2025-11-03,3602.88,
ETH,ETH-USD,2025-11-04,3286.21,
ETH,ETH-USD,2025-11-05,3423.89,
ETH,ETH-USD,2025-11-06,3313.46,
ETH,ETH-USD,2025-11-07,3433.71,
ETH,ETH-USD,2025-11-08,3400.46,
ETH,ETH-USD,2025-11-09,3582.92,
ETH,ETH-USD,2025-11-10,3566.49,
ETH,ETH-USD,2025-11-11,3416.54,
ETH,ETH-USD,2025-11-12,3414.06,
ETH,ETH-USD,2025-11-13,3229.65,
ETH,ETH-USD,2025-11-14,3109.49,
ETH,ETH-USD,2025-11-15,3166.3,
ETH,ETH-USD,2025-11-16,3092.25,
ETH,ETH-USD,2025-11-17,3027.89,
ETH,ETH-USD,2025-11-18,3121.74,
ETH,ETH-USD,2025-11-19,3023.1,
ETH,ETH-USD,2025-11-20,2830.59,
ETH,ETH-USD,2025-11-21,2763.99,
ETH,ETH-USD,2025-11-22,2768.5,
ETH,ETH-USD,2025-11-23,2801.14,
ETH,ETH-USD,2025-11-24,2952.59,
ETH,ETH-USD,2025-11-25,2958.17,
ETH,ETH-USD,2025-11-26,3026.43,
ETH,ETH-USD,2025-11-27,3014.86,
ETH,ETH-USD,2025-11-28,3031.86,
ETH,ETH-USD,2025-11-29,2990.31,
ETH,ETH-USD,2025-11-30,2991.9,
ETH,ETH-USD,2025-12-01,2798.3,
ETH,ETH-USD,2025-12-02,2996.7,
ETH,ETH-USD,2025-12-03,3189.79,
ETH,ETH-USD,2025-12-04,3134.13,
ETH,ETH-USD,2025-12-05,3022.61,
ETH,ETH-USD,2025-12-06,3039.13,
ETH,ETH-USD,2025-12-07,3061.0,
ETH,ETH-USD,2025-12-08,3124.93,
ETH,ETH-USD,2025-12-09,3318.54,
ETH,ETH-USD,2025-12-10,3325.02,
ETH,ETH-USD,2025-12-11,3237.4,
ETH,ETH-USD,2025-12-12,3084.91,
ETH,ETH-USD,2025-12-13,3115.0,
ETH,ETH-USD,2025-12-14,3063.3,
ETH,ETH-USD,2025-12-15,2964.4,
ETH,ETH-USD,2025-12-16,2961.96,
ETH,ETH-USD,2025-12-17,2832.25,
ETH,ETH-USD,2025-12-18,2826.57,
ETH,ETH-USD,2025-12-19,2978.03,
ETH,ETH-USD,2025-12-20,2976.6,
ETH,ETH-USD,2025-12-21,3001.42,
ETH,ETH-USD,2025-12-22,3007.69,
ETH,ETH-USD,2025-12-23,2962.85,
ETH,ETH-USD,2025-12-24,2945.07,
ETH,ETH-USD,2025-12-25,2902.34,
ETH,ETH-USD,2025-12-26,2925.43,
ETH,ETH-USD,2025-12-27,2946.6,
ETH,ETH-USD,2025-12-28,2948.92,
ETH,ETH-USD,2025-12-29,2934.19,
ETH,ETH-USD,2025-12-30,2970.42,
ETH,ETH-USD,2025-12-31,2966.84,
ETH,ETH-USD,2026-01-01,3000.41,
ETH,ETH-USD,2026-01-02,3125.24,
ETH,ETH-USD,2026-01-03,3125.43,
ETH,ETH-USD,2026-01-04,3143.14,
ETH,ETH-USD,2026-01-05,3225.19,
ETH,ETH-USD,2026-01-06,3295.59,
ETH,ETH-USD,2026-01-07,3165.64,
ETH,ETH-USD,2026-01-08,3104.3,
ETH,ETH-USD,2026-01-09,3084.31,
ETH,ETH-USD,2026-01-10,3082.39,
ETH,ETH-USD,2026-01-11,3118.65,
ETH,ETH-USD,2026-01-12,3091.94,
ETH,ETH-USD,2026-01-13,3323.38,
ETH,ETH-USD,2026-01-14,3354.82,
ETH,ETH-USD,2026-01-15,3317.98,
ETH,ETH-USD,2026-01-16,3294.88,
ETH,ETH-USD,2026-01-17,3309.33,
ETH,ETH-USD,2026-01-18,3282.55,
ETH,ETH-USD,2026-01-19,3187.51,
ETH,ETH-USD,2026-01-20,2936.5,
ETH,ETH-USD,2026-01-21,2979.6,
ETH,ETH-USD,2026-01-22,2949.36,
ETH,ETH-USD,2026-01-23,2952.77,
ETH,ETH-USD,2026-01-24,2948.86,
ETH,ETH-USD,2026-01-25,2814.28,
ETH,ETH-USD,2026-01-26,2926.85,
ETH,ETH-USD,2026-01-27,3021.91,
ETH,ETH-USD,2026-01-28,3006.17,
ETH,ETH-USD,2026-01-29,2817.79,
ETH,ETH-USD,2026-01-30,2702.69,
ETH,ETH-USD,2026-01-31,2449.36,
ETH,ETH-USD,2026-02-01,2268.18,
ETH,ETH-USD,2026-02-02,2345.11,
ETH,ETH-USD,2026-02-03,2230.48,
ETH,ETH-USD,2026-02-04,2143.57,
ETH,ETH-USD,2026-02-05,1823.2,
ETH,ETH-USD,2026-02-06,2061.95,
ETH,ETH-USD,2026-02-07,2086.17,
ETH,ETH-USD,2026-02-08,2088.42,
ETH,ETH-USD,2026-02-09,2103.83,
ETH,ETH-USD,2026-02-10,2021.71,
